{
  "formatVersion": 1,
  "database": {
    "version": 1,
    "identityHash": "79187473c22b5a5f52590f8a124982c4",
    "entities": [
      {
        "tableName": "operacoes",
        "createSql": "CREATE TABLE IF NOT EXISTS `${TABLE_NAME}` (`id` INTEGER PRIMARY KEY AUTOINCREMENT, `valor` REAL, `descricao` TEXT, `userOwnerId` INTEGER, `cotacao` REAL)",
        "fields": [
          {
            "fieldPath": "id",
            "columnName": "id",
            "affinity": "INTEGER",
            "notNull": false
          },
          {
            "fieldPath": "valor",
            "columnName": "valor",
            "affinity": "REAL",
            "notNull": false
          },
          {
            "fieldPath": "descricao",
            "columnName": "descricao",
            "affinity": "TEXT",
            "notNull": false
          },
          {
            "fieldPath": "userOwnerId",
            "columnName": "userOwnerId",
            "affinity": "INTEGER",
            "notNull": false
          },
          {
            "fieldPath": "cotacao",
            "columnName": "cotacao",
            "affinity": "REAL",
            "notNull": false
          }
        ],
        "primaryKey": {
          "columnNames": [
            "id"
          ],
          "autoGenerate": true
        },
        "indices": [],
        "foreignKeys": []
      },
      {
        "tableName": "categorias",
        "createSql": "CREATE TABLE IF NOT EXISTS `${TABLE_NAME}` (`id` INTEGER PRIMARY KEY AUTOINCREMENT, `nome` TEXT, `status` INTEGER, `mes` INTEGER, `userOwnerId` TEXT)",
        "fields": [
          {
            "fieldPath": "id",
            "columnName": "id",
            "affinity": "INTEGER",
            "notNull": false
          },
          {
            "fieldPath": "nome",
            "columnName": "nome",
            "affinity": "TEXT",
            "notNull": false
          },
          {
            "fieldPath": "status",
            "columnName": "status",
            "affinity": "INTEGER",
            "notNull": false
          },
          {
            "fieldPath": "mes",
            "columnName": "mes",
            "affinity": "INTEGER",
            "notNull": false
          },
          {
            "fieldPath": "userOwnerId",
            "columnName": "userOwnerId",
            "affinity": "TEXT",
            "notNull": false
          }
        ],
        "primaryKey": {
          "columnNames": [
            "id"
          ],
          "autoGenerate": true
        },
        "indices": [],
        "foreignKeys": []
      }
    ],
    "views": [],
    "setupQueries": [
      "CREATE TABLE IF NOT EXISTS room_master_table (id INTEGER PRIMARY KEY,identity_hash TEXT)",
      "INSERT OR REPLACE INTO room_master_table (id,identity_hash) VALUES(42, '79187473c22b5a5f52590f8a124982c4')"
    ]
  }
}